{
  "data":[{
    "question":"Angular 2 integrates easily with NativeScript, allowing you to code your native app in a . . . . . . . . . style that can run on any mobile device platform.","options":["a) declarative","b) imperative","c) interrogative","d) exclamatory"],"answer":0,"id":0},{"question":"Angular 2 components can be described using ________is a way to do some meta-programming.","options":["a) controllers, controller","b) Loaders, loader","c) typescripts, typescript","d) decorators, decorator"],"answer":3,"id":1},{"question":"The ______ directive substitutes the normal href property and makes it easier to work with route links in Angular 2.","options":["a) RouterLink","b) RouterRend","c) RouterLike","d) RouterLayer"],"answer":0,"id":2},{"question":"Since Angular 2 defines a set of built-in directives, the . . . . . . . . method passes them in a similar way in order to make them available in the entire application in order to prevent us from code duplications.","options":["a) startup","b) bootstrap","c) constructor","d) initialization"],"answer":1,"id":3},{"question":"What are the new features of Angular2?","options":["a) Component-Based","b) Directives","c) Dependency Injection","d) All of these"],"answer":0,"id":4},{"question":"What is the correct JavaScript syntax to change the content of the HTML element below?\n\n<p id=\"demo\">This is a demonstration.</p>","options":["a) document.getElementByName(\"p\").innerHTML = \"Hello World!\";","b) document.getElementById(\"demo\").innerHTML = \"Hello World!\";","c) document.getElement(\"p\").innerHTML = \"Hello World!\";","d) #demo.innerHTML = \"Hello World!\";"],"answer":1,"id":5},{"question":"function bar() {\n   return foo;\n   foo = 10;\n   function foo() {}\n   var foo = ´11´;\n}\nalert(typeof bar());\n\n \n\nWhat message is displayed in the alert box?","options":["a) number","b) function","c) undefined","d) none"],"answer":1,"id":6}]}